{
  "theta_rad": 0.5235983044411414,
  "theta_deg": 29.99997300468339,
  "M": 0.029999997170799875,
  "X": 54.99999835240602,
  "polish_max_abs_residual": 9.559834211358975e-06,
  "polish_rms_residual": 1.9092832532659817e-06
}